player_name,player_id,team,pa,batting_avg,hit,home_run,rbi,strikeout,walk,slg_percent,on_base_percent,on_base_plus_slg,woba,k_percent,bb_percent
Brent Rooker,667670,Athletics,4.0,0.0,0.0,0.0,0.0,3.0,0.0,0.0,0.0,0.0,0.0,,
Carlos Cortes,666126,Athletics,1.0,0.0,0.0,0.0,0.0,0.0,0.0,0.0,0.0,0.0,0.0,,
Denzel Clarke,672016,Athletics,2.0,0.0,0.0,0.0,0.0,1.0,0.0,0.0,0.0,0.0,0.0,,
Jacob Wilson,805779,Athletics,4.0,0.0,0.0,0.0,0.0,2.0,0.0,0.0,0.0,0.0,0.0,,
Jeff McNeil,643446,Athletics,3.0,0.0,0.0,0.0,0.0,1.0,1.0,0.0,0.333,0.333,0.239,,
Lawrence Butler,671732,Athletics,3.0,0.0,0.0,0.0,0.0,1.0,0.0,0.0,0.0,0.0,0.0,,
Max Muncy,691777,Athletics,3.0,0.0,0.0,0.0,0.0,2.0,0.0,0.0,0.0,0.0,0.0,,
Nick Kurtz,701762,Athletics,4.0,0.0,0.0,0.0,0.0,3.0,0.0,0.0,0.0,0.0,0.0,,
Shea Langeliers,669127,Athletics,4.0,0.75,3.0,2.0,2.0,1.0,0.0,2.25,0.75,3.0,1.221,,
Tyler Soderstrom,691016,Athletics,4.0,0.0,0.0,0.0,0.0,2.0,1.0,0.0,0.25,0.25,0.179,,
Brandon Lowe,664040,Pittsburgh Pirates,4.0,0.5,2.0,2.0,3.0,0.0,0.0,2.0,0.5,2.5,0.996,,
Bryan Reynolds,668804,Pittsburgh Pirates,4.0,0.25,1.0,0.0,0.0,2.0,0.0,0.25,0.25,0.5,0.225,,
Henry Davis,680779,Pittsburgh Pirates,4.0,0.25,1.0,0.0,1.0,0.0,0.0,0.5,0.25,0.75,0.314,,
Jared Triolo,669707,Pittsburgh Pirates,4.0,0.25,1.0,0.0,0.0,1.0,0.0,0.5,0.25,0.75,0.314,,
Marcell Ozuna,542303,Pittsburgh Pirates,4.0,0.0,0.0,0.0,0.0,1.0,0.0,0.0,0.0,0.0,0.0,,
Nick Gonzales,693304,Pittsburgh Pirates,4.0,0.5,2.0,0.0,2.0,1.0,0.0,0.75,0.5,1.25,0.54,,
Oneil Cruz,665833,Pittsburgh Pirates,5.0,0.2,1.0,0.0,0.0,3.0,0.0,0.2,0.2,0.4,0.18,,
Ryan O'Hearn,656811,Pittsburgh Pirates,4.0,0.5,2.0,1.0,1.0,1.0,0.0,1.25,0.5,1.75,0.723,,
Spencer Horwitz,687462,Pittsburgh Pirates,4.0,0.0,0.0,0.0,0.0,1.0,0.0,0.0,0.0,0.0,0.0,,
Fernando Tatis Jr.,665487,San Diego Padres,8.0,0.125,1.0,0.0,0.0,1.0,0.0,0.125,0.125,0.25,,,
Freddy Fermin,666023,San Diego Padres,4.0,0.0,0.0,0.0,0.0,1.0,1.0,0.0,0.25,0.25,0.179,,
Gavin Sheets,657757,San Diego Padres,4.0,0.0,0.0,0.0,0.0,1.0,0.0,0.0,0.0,0.0,0.0,,
Jackson Merrill,701538,San Diego Padres,8.0,0.286,2.0,0.0,0.0,3.0,1.0,0.429,0.375,0.804,0.359,,
Jake Cronenworth,630105,San Diego Padres,8.0,0.25,2.0,0.0,0.0,3.0,0.0,0.25,0.25,0.5,0.225,,
Luis Campusano,669134,San Diego Padres,3.0,0.0,0.0,0.0,0.0,3.0,0.0,0.0,0.0,0.0,0.0,,
Manny Machado,592518,San Diego Padres,8.0,0.333,2.0,0.0,0.0,1.0,2.0,0.5,0.5,1.0,0.449,,
Miguel Andujar,609280,San Diego Padres,8.0,0.143,1.0,0.0,1.0,1.0,1.0,0.143,0.25,0.393,0.202,,
Nick Castellanos,592206,San Diego Padres,2.0,0.0,0.0,0.0,0.0,1.0,0.0,0.0,0.0,0.0,0.0,,
Ramón Laureano,657656,San Diego Padres,8.0,0.25,2.0,1.0,2.0,2.0,0.0,0.75,0.25,1.0,0.406,,
Ty France,664034,San Diego Padres,3.0,0.0,0.0,0.0,0.0,2.0,0.0,0.0,0.0,0.0,0.0,,
Xander Bogaerts,593428,San Diego Padres,8.0,0.375,3.0,0.0,1.0,0.0,0.0,0.5,0.375,0.875,0.382,,
Brendan Donovan,680977,Seattle Mariners,8.0,0.333,2.0,1.0,1.0,2.0,2.0,1.0,0.5,1.5,0.585,,
Cal Raleigh,663728,Seattle Mariners,8.0,0.0,0.0,0.0,0.0,7.0,1.0,0.0,0.125,0.125,0.09,,
Cole Young,702284,Seattle Mariners,6.0,0.167,1.0,1.0,3.0,4.0,0.0,0.667,0.167,0.834,0.332,,
Dominic Canzone,686527,Seattle Mariners,7.0,0.333,2.0,2.0,2.0,0.0,1.0,1.333,0.429,1.762,0.671,,
Josh Naylor,647304,Seattle Mariners,8.0,0.0,0.0,0.0,0.0,0.0,0.0,0.0,0.0,0.0,0.0,,
Julio Rodríguez,677594,Seattle Mariners,8.0,0.0,0.0,0.0,0.0,5.0,1.0,0.0,0.125,0.125,0.09,,
Leo Rivas,660844,Seattle Mariners,6.0,0.2,1.0,0.0,0.0,2.0,1.0,0.6,0.333,0.933,0.382,,
Luke Raley,670042,Seattle Mariners,8.0,0.25,2.0,2.0,3.0,3.0,0.0,1.0,0.25,1.25,0.498,,
Randy Arozarena,668227,Seattle Mariners,8.0,0.2,1.0,0.0,0.0,1.0,3.0,0.4,0.5,0.9,0.426,,
Casey Schmitt,669477,San Francisco Giants,7.0,0.0,0.0,0.0,0.0,1.0,0.0,0.0,0.143,0.143,0.107,,
Harrison Bader,664056,San Francisco Giants,6.0,0.0,0.0,0.0,0.0,3.0,0.0,0.0,0.0,0.0,0.0,,
Heliot Ramos,671218,San Francisco Giants,7.0,0.286,2.0,0.0,0.0,4.0,0.0,0.429,0.286,0.715,0.308,,
Jung Hoo Lee,808982,San Francisco Giants,7.0,0.0,0.0,0.0,0.0,1.0,0.0,0.0,0.0,0.0,0.0,,
Luis Arraez,650333,San Francisco Giants,8.0,0.143,1.0,0.0,0.0,0.0,1.0,0.143,0.25,0.393,0.202,,
Matt Chapman,656305,San Francisco Giants,8.0,0.0,0.0,0.0,0.0,1.0,3.0,0.0,0.375,0.375,0.269,,
Patrick Bailey,672275,San Francisco Giants,6.0,0.0,0.0,0.0,0.0,2.0,0.0,0.0,0.0,0.0,0.0,,
Rafael Devers,646240,San Francisco Giants,8.0,0.125,1.0,0.0,0.0,3.0,0.0,0.125,0.125,0.25,0.113,,
Willy Adames,642715,San Francisco Giants,7.0,0.0,0.0,0.0,0.0,4.0,0.0,0.0,0.0,0.0,0.0,,
Alec Burleson,676475,St. Louis Cardinals,5.0,0.75,3.0,1.0,2.0,0.0,1.0,1.5,0.8,2.3,0.948,,
Iván Herrera,671056,St. Louis Cardinals,5.0,0.0,0.0,0.0,1.0,0.0,0.0,0.0,0.0,0.0,0.0,,
JJ Wetherholt,802139,St. Louis Cardinals,5.0,0.25,1.0,1.0,2.0,1.0,0.0,1.0,0.2,1.2,0.398,,
Jordan Walker,691023,St. Louis Cardinals,4.0,0.25,1.0,0.0,0.0,0.0,0.0,0.5,0.25,0.75,0.314,,
Masyn Winn,691026,St. Louis Cardinals,5.0,0.2,1.0,0.0,0.0,1.0,0.0,0.4,0.2,0.6,0.251,,
Nathan Church,701675,St. Louis Cardinals,4.0,0.75,3.0,0.0,2.0,0.0,0.0,0.75,0.75,1.5,0.676,,
Nolan Gorman,669357,St. Louis Cardinals,4.0,0.25,1.0,0.0,2.0,1.0,0.0,0.25,0.25,0.5,0.225,,
Pedro Pagés,686780,St. Louis Cardinals,4.0,0.25,1.0,0.0,0.0,0.0,0.0,0.25,0.25,0.5,0.225,,
Ramón Urías,602104,St. Louis Cardinals,0.0,0.0,0.0,0.0,0.0,0.0,0.0,0.0,0.0,0.0,,,
Victor Scott II,687363,St. Louis Cardinals,4.0,0.75,3.0,0.0,0.0,0.0,0.0,0.75,0.75,1.5,,,
Ben Williamson,810938,Tampa Bay Rays,4.0,0.75,3.0,0.0,1.0,0.0,0.0,0.75,0.75,1.5,0.676,,
Carson Williams,700246,Tampa Bay Rays,5.0,0.2,1.0,0.0,0.0,1.0,0.0,0.2,0.2,0.4,0.18,,
Cedric Mullins,656775,Tampa Bay Rays,5.0,0.0,0.0,0.0,0.0,0.0,0.0,0.0,0.0,0.0,0.0,,
Chandler Simpson,802415,Tampa Bay Rays,3.0,0.333,1.0,0.0,1.0,0.0,0.0,0.333,0.333,0.666,0.3,,
Hunter Feduccia,676439,Tampa Bay Rays,1.0,0.0,0.0,0.0,0.0,1.0,0.0,0.0,0.0,0.0,0.0,,
Jake Fraley,641584,Tampa Bay Rays,1.0,1.0,1.0,0.0,0.0,0.0,0.0,1.0,1.0,2.0,0.901,,
Jonathan Aranda,666018,Tampa Bay Rays,6.0,0.5,2.0,1.0,2.0,1.0,1.0,1.25,0.5,1.75,0.601,,
Jonny DeLuca,676356,Tampa Bay Rays,4.0,0.5,2.0,0.0,2.0,0.0,0.0,0.5,0.5,1.0,0.45,,
Junior Caminero,691406,Tampa Bay Rays,6.0,0.5,1.0,0.0,0.0,1.0,4.0,0.5,0.833,1.333,0.628,,
Nick Fortes,663743,Tampa Bay Rays,4.0,0.75,3.0,0.0,1.0,0.0,0.0,0.75,0.75,1.5,0.676,,
Richie Palacios,680700,Tampa Bay Rays,2.0,0.0,0.0,0.0,0.0,1.0,0.0,0.0,0.0,0.0,0.0,,
Ryan Vilade,668723,Tampa Bay Rays,3.0,0.0,0.0,0.0,0.0,0.0,0.0,0.0,0.0,0.0,0.0,,
Yandy Díaz,650490,Tampa Bay Rays,6.0,0.6,3.0,0.0,0.0,0.0,1.0,0.6,0.667,1.267,0.57,,
Andrew McCutchen,457705,Texas Rangers,2.0,0.5,1.0,0.0,0.0,1.0,0.0,1.0,0.5,1.5,0.629,,
Brandon Nimmo,607043,Texas Rangers,4.0,0.0,0.0,0.0,0.0,1.0,1.0,0.0,0.25,0.25,0.179,,
Corey Seager,608369,Texas Rangers,4.0,0.5,2.0,0.0,0.0,1.0,0.0,0.5,0.5,1.0,0.45,,
Danny Jansen,643376,Texas Rangers,4.0,0.25,1.0,0.0,1.0,0.0,0.0,0.25,0.25,0.5,0.225,,
Evan Carter,694497,Texas Rangers,2.0,0.0,0.0,0.0,0.0,0.0,0.0,0.0,0.0,0.0,0.0,,
Ezequiel Duran,677649,Texas Rangers,1.0,0.0,0.0,0.0,0.0,1.0,0.0,0.0,0.0,0.0,0.0,,
Jake Burger,669394,Texas Rangers,4.0,0.75,3.0,1.0,2.0,1.0,0.0,1.5,0.75,2.25,0.948,,
Joc Pederson,592626,Texas Rangers,1.0,0.0,0.0,0.0,0.0,0.0,0.0,0.0,0.0,0.0,0.0,,
Josh Jung,673962,Texas Rangers,4.0,0.0,0.0,0.0,0.0,1.0,0.0,0.0,0.0,0.0,0.0,,
Josh Smith,669701,Texas Rangers,3.0,0.0,0.0,0.0,0.0,1.0,0.0,0.0,0.0,0.0,0.0,,
Kyle Higashioka,543309,Texas Rangers,1.0,1.0,1.0,0.0,0.0,0.0,0.0,1.0,1.0,2.0,0.901,,
Sam Haggerty,664059,Texas Rangers,2.0,0.0,0.0,0.0,0.0,2.0,0.0,0.0,0.0,0.0,0.0,,
Wyatt Langford,694671,Texas Rangers,4.0,0.0,0.0,0.0,0.0,2.0,0.0,0.0,0.0,0.0,0.0,,
Addison Barger,680718,Toronto Blue Jays,4.0,0.0,0.0,0.0,0.0,1.0,0.0,0.0,0.0,0.0,0.0,,
Alejandro Kirk,672386,Toronto Blue Jays,4.0,0.0,0.0,0.0,0.0,0.0,0.0,0.0,0.0,0.0,0.0,,
Andrés Giménez,665926,Toronto Blue Jays,4.0,0.667,2.0,0.0,3.0,0.0,1.0,1.333,0.75,2.083,0.799,,
Daulton Varsho,662139,Toronto Blue Jays,4.0,0.0,0.0,0.0,0.0,1.0,0.0,0.0,0.0,0.0,0.0,,
Ernie Clement,676391,Toronto Blue Jays,4.0,0.5,2.0,0.0,0.0,0.0,0.0,1.0,0.5,1.5,0.629,,
George Springer,543807,Toronto Blue Jays,4.0,0.0,0.0,0.0,0.0,0.0,0.0,0.0,0.0,0.0,0.0,,
Kazuma Okamoto,672960,Toronto Blue Jays,4.0,0.667,2.0,0.0,0.0,1.0,1.0,0.667,0.75,1.417,0.63,,
Myles Straw,664702,Toronto Blue Jays,0.0,0.0,0.0,0.0,0.0,0.0,0.0,0.0,0.0,0.0,,,
Nathan Lukes,664770,Toronto Blue Jays,4.0,0.0,0.0,0.0,0.0,0.0,1.0,0.0,0.25,0.25,0.179,,
Vladimir Guerrero Jr.,665489,Toronto Blue Jays,4.0,0.333,1.0,0.0,0.0,0.0,1.0,0.333,0.5,0.833,,,
Austin Martin,668885,Minnesota Twins,3.0,0.333,1.0,0.0,0.0,0.0,0.0,0.333,0.333,0.666,0.3,,
Brooks Lee,686797,Minnesota Twins,3.0,0.0,0.0,0.0,0.0,2.0,0.0,0.0,0.0,0.0,0.0,,
Byron Buxton,621439,Minnesota Twins,4.0,0.25,1.0,0.0,0.0,1.0,0.0,0.75,0.25,1.0,0.395,,
James Outman,681546,Minnesota Twins,0.0,0.0,0.0,0.0,0.0,0.0,0.0,0.0,0.0,0.0,,,
Josh Bell,605137,Minnesota Twins,4.0,0.0,0.0,0.0,0.0,3.0,1.0,0.0,0.25,0.25,0.179,,
Kody Clemens,665019,Minnesota Twins,1.0,0.0,0.0,0.0,0.0,0.0,0.0,0.0,0.0,0.0,0.0,,
Luke Keaschall,807712,Minnesota Twins,4.0,0.333,1.0,0.0,1.0,0.0,0.0,0.333,0.25,0.583,0.225,,
Matt Wallner,670242,Minnesota Twins,4.0,0.0,0.0,0.0,0.0,1.0,2.0,0.0,0.5,0.5,0.358,,
Royce Lewis,668904,Minnesota Twins,3.0,0.0,0.0,0.0,0.0,0.0,0.0,0.0,0.333,0.333,0.249,,
Ryan Jeffers,680777,Minnesota Twins,4.0,0.25,1.0,0.0,0.0,1.0,0.0,0.25,0.25,0.5,0.225,,
Trevor Larnach,663616,Minnesota Twins,1.0,0.0,0.0,0.0,0.0,1.0,0.0,0.0,0.0,0.0,0.0,,
Victor Caratini,605170,Minnesota Twins,4.0,0.333,1.0,0.0,0.0,0.0,1.0,0.333,0.5,0.833,0.404,,
Adolis García,666969,Philadelphia Phillies,4.0,0.0,0.0,0.0,0.0,2.0,0.0,0.0,0.0,0.0,0.0,,
Alec Bohm,664761,Philadelphia Phillies,4.0,0.333,1.0,1.0,3.0,0.0,1.0,1.333,0.5,1.833,0.677,,
Brandon Marsh,669016,Philadelphia Phillies,4.0,0.5,2.0,0.0,0.0,1.0,0.0,1.0,0.5,1.5,0.629,,
Bryce Harper,547180,Philadelphia Phillies,4.0,0.0,0.0,0.0,0.0,2.0,0.0,0.0,0.0,0.0,0.0,,
Bryson Stott,681082,Philadelphia Phillies,4.0,0.5,2.0,0.0,0.0,1.0,0.0,0.5,0.5,1.0,0.45,,
J.T. Realmuto,592663,Philadelphia Phillies,4.0,0.0,0.0,0.0,0.0,3.0,0.0,0.0,0.25,0.25,0.187,,
Justin Crawford,702222,Philadelphia Phillies,4.0,0.5,2.0,0.0,0.0,0.0,0.0,0.5,0.5,1.0,0.45,,
Kyle Schwarber,656941,Philadelphia Phillies,4.0,0.25,1.0,1.0,2.0,1.0,0.0,1.0,0.25,1.25,0.498,,
Trea Turner,607208,Philadelphia Phillies,4.0,0.5,2.0,0.0,0.0,0.0,0.0,0.5,0.5,1.0,0.45,,
Austin Riley,663586,Atlanta Braves,4.0,1.0,3.0,0.0,0.0,0.0,1.0,1.0,1.0,2.0,0.855,,
Drake Baldwin,686948,Atlanta Braves,5.0,0.25,1.0,1.0,1.0,0.0,1.0,1.0,0.4,1.4,0.542,,
Eli White,642201,Atlanta Braves,4.0,0.25,1.0,0.0,0.0,2.0,0.0,0.25,0.25,0.5,0.225,,
Jonah Heim,641680,Atlanta Braves,4.0,0.0,0.0,0.0,0.0,0.0,2.0,0.0,0.5,0.5,0.358,,
Matt Olson,621566,Atlanta Braves,4.0,0.5,2.0,0.0,0.0,2.0,0.0,0.75,0.5,1.25,0.54,,
Mauricio Dubón,643289,Atlanta Braves,4.0,0.25,1.0,0.0,2.0,2.0,0.0,0.5,0.25,0.75,0.314,,
Michael Harris II,671739,Atlanta Braves,4.0,0.25,1.0,1.0,2.0,1.0,0.0,1.0,0.25,1.25,,,
Ozzie Albies,645277,Atlanta Braves,4.0,0.5,2.0,1.0,1.0,0.0,0.0,1.25,0.5,1.75,0.723,,
Ronald Acuña Jr.,660670,Atlanta Braves,5.0,0.0,0.0,0.0,0.0,3.0,0.0,0.0,0.0,0.0,,,
Andrew Benintendi,643217,Chicago White Sox,2.0,0.0,0.0,0.0,0.0,2.0,0.0,0.0,0.0,0.0,0.0,,
Austin Hays,669720,Chicago White Sox,4.0,0.25,1.0,0.0,0.0,2.0,0.0,0.25,0.25,0.5,0.225,,
Chase Meidroth,805367,Chicago White Sox,4.0,0.5,1.0,1.0,1.0,1.0,2.0,2.0,0.75,2.75,0.856,,
Colson Montgomery,695657,Chicago White Sox,4.0,0.0,0.0,0.0,0.0,3.0,0.0,0.0,0.0,0.0,0.0,,
Derek Hill,656537,Chicago White Sox,1.0,0.0,0.0,0.0,0.0,1.0,0.0,0.0,0.0,0.0,0.0,,
Edgar Quero,700337,Chicago White Sox,3.0,0.0,0.0,0.0,0.0,2.0,0.0,0.0,0.0,0.0,0.0,,
Everson Pereira,677592,Chicago White Sox,3.0,0.0,0.0,0.0,0.0,3.0,0.0,0.0,0.0,0.0,0.0,,
Lenyn Sosa,672820,Chicago White Sox,2.0,0.0,0.0,0.0,0.0,1.0,0.0,0.0,0.0,0.0,0.0,,
Luisangel Acuña,682668,Chicago White Sox,3.0,0.333,1.0,0.0,0.0,0.0,0.0,0.333,0.333,0.666,0.3,,
Miguel Vargas,678246,Chicago White Sox,4.0,0.0,0.0,0.0,0.0,3.0,1.0,0.0,0.25,0.25,0.179,,
Munetaka Murakami,808959,Chicago White Sox,4.0,0.5,1.0,1.0,1.0,0.0,2.0,2.0,0.75,2.75,0.856,,
Reese McGuire,624512,Chicago White Sox,1.0,0.0,0.0,0.0,0.0,1.0,0.0,0.0,0.0,0.0,0.0,,
Tristan Peters,671976,Chicago White Sox,1.0,0.0,0.0,0.0,0.0,1.0,0.0,0.0,0.0,0.0,0.0,,
Agustín Ramírez,682663,Miami Marlins,4.0,0.0,0.0,0.0,0.0,0.0,1.0,0.0,0.25,0.25,0.179,,
Austin Slater,596103,Miami Marlins,3.0,0.0,0.0,0.0,0.0,1.0,0.0,0.0,0.0,0.0,0.0,,
Connor Norby,681393,Miami Marlins,4.0,0.667,2.0,0.0,0.0,0.0,0.0,1.0,0.75,1.75,0.726,,
Graham Pauley,688363,Miami Marlins,0.0,0.0,0.0,0.0,0.0,0.0,0.0,0.0,0.0,0.0,,,
Griffin Conine,665052,Miami Marlins,1.0,0.0,0.0,0.0,0.0,0.0,0.0,0.0,0.0,0.0,0.0,,
Heriberto Hernández,681715,Miami Marlins,4.0,0.0,0.0,0.0,0.0,0.0,0.0,0.0,0.0,0.0,0.0,,
Jakob Marsee,805300,Miami Marlins,4.0,0.25,1.0,0.0,0.0,0.0,0.0,0.5,0.25,0.75,0.314,,
Javier Sanoja,691594,Miami Marlins,3.0,1.0,3.0,0.0,1.0,0.0,0.0,1.0,1.0,2.0,0.901,,
Otto Lopez,672640,Miami Marlins,4.0,0.0,0.0,0.0,0.0,1.0,1.0,0.0,0.25,0.25,0.179,,
Owen Caissie,683357,Miami Marlins,4.0,0.25,1.0,0.0,1.0,2.0,0.0,0.5,0.25,0.75,0.314,,
Xavier Edwards,669364,Miami Marlins,4.0,0.25,1.0,0.0,0.0,0.0,0.0,0.25,0.25,0.5,0.225,,
Aaron Judge,592450,New York Yankees,9.0,0.111,1.0,1.0,2.0,6.0,0.0,0.444,0.111,0.555,0.221,,
Amed Rosario,642708,New York Yankees,2.0,0.0,0.0,0.0,0.0,0.0,0.0,0.0,0.0,0.0,0.0,,
Austin Wells,669224,New York Yankees,8.0,0.286,2.0,0.0,0.0,1.0,1.0,0.286,0.375,0.661,0.315,,
Ben Rice,700250,New York Yankees,5.0,0.25,1.0,0.0,0.0,2.0,1.0,0.25,0.4,0.65,0.323,,
Cody Bellinger,641355,New York Yankees,9.0,0.25,2.0,0.0,0.0,2.0,1.0,0.25,0.333,0.583,0.28,,
Giancarlo Stanton,519317,New York Yankees,8.0,0.5,4.0,1.0,2.0,2.0,0.0,0.875,0.5,1.375,0.587,,
Jazz Chisholm Jr.,665862,New York Yankees,8.0,0.286,2.0,0.0,0.0,2.0,0.0,0.286,0.375,0.661,,,
José Caballero,676609,New York Yankees,8.0,0.375,3.0,0.0,1.0,0.0,0.0,0.375,0.375,0.75,0.338,,
Paul Goldschmidt,502671,New York Yankees,5.0,0.2,1.0,0.0,0.0,0.0,0.0,0.4,0.2,0.6,0.251,,
Randal Grichuk,545341,New York Yankees,2.0,0.0,0.0,0.0,0.0,0.0,0.0,0.0,0.0,0.0,0.0,,
Ryan McMahon,641857,New York Yankees,6.0,0.25,1.0,0.0,2.0,3.0,2.0,0.25,0.5,0.75,0.389,,
Trent Grisham,663757,New York Yankees,7.0,0.167,1.0,0.0,2.0,1.0,1.0,0.5,0.286,0.786,0.328,,
Andrew Vaughn,683734,Milwaukee Brewers,4.0,0.25,1.0,0.0,1.0,0.0,0.0,0.25,0.25,0.5,0.225,,
Blake Perkins,663368,Milwaukee Brewers,1.0,0.0,0.0,0.0,0.0,0.0,0.0,0.0,0.0,0.0,0.0,,
Brandon Lockridge,663604,Milwaukee Brewers,1.0,0.0,0.0,0.0,0.0,0.0,0.0,0.0,0.0,0.0,0.0,,
Brice Turang,668930,Milwaukee Brewers,5.0,0.5,2.0,0.0,0.0,1.0,1.0,0.75,0.6,1.35,0.575,,
Christian Yelich,592885,Milwaukee Brewers,5.0,0.5,2.0,0.0,1.0,0.0,1.0,0.5,0.6,1.1,0.504,,
David Hamilton,666152,Milwaukee Brewers,5.0,0.5,1.0,0.0,1.0,0.0,2.0,0.5,0.75,1.25,0.583,,
Garrett Mitchell,669003,Milwaukee Brewers,4.0,0.0,0.0,0.0,1.0,0.0,2.0,0.0,0.667,0.667,0.478,,
Jake Bauers,641343,Milwaukee Brewers,5.0,0.4,2.0,1.0,3.0,2.0,0.0,1.0,0.4,1.4,0.578,,
Joey Ortiz,687401,Milwaukee Brewers,3.0,0.667,2.0,0.0,2.0,0.0,0.0,0.667,0.667,1.334,0.6,,
Luis Rengifo,650859,Milwaukee Brewers,2.0,0.0,0.0,0.0,0.0,0.0,0.0,0.0,0.0,0.0,0.0,,
Sal Frelick,686217,Milwaukee Brewers,5.0,0.333,1.0,1.0,2.0,0.0,2.0,1.333,0.6,1.933,0.685,,
William Contreras,661388,Milwaukee Brewers,5.0,0.333,1.0,0.0,3.0,0.0,2.0,0.667,0.6,1.267,0.493,,
Bryce Teodosio,669326,Los Angeles Angels,1.0,0.0,0.0,0.0,0.0,0.0,0.0,0.0,0.0,0.0,0.0,,
Jo Adell,666176,Los Angeles Angels,10.0,0.375,3.0,0.0,0.0,2.0,1.0,0.375,0.5,0.875,0.416,,
Jorge Soler,624585,Los Angeles Angels,10.0,0.111,1.0,0.0,0.0,4.0,1.0,0.111,0.2,0.311,0.162,,
Josh Lowe,666139,Los Angeles Angels,8.0,0.25,2.0,1.0,3.0,3.0,0.0,0.75,0.25,1.0,0.406,,
Logan O'Hoppe,681351,Los Angeles Angels,8.0,0.375,3.0,0.0,0.0,4.0,0.0,0.375,0.375,0.75,0.338,,
Mike Trout,545361,Los Angeles Angels,10.0,0.667,4.0,2.0,2.0,1.0,4.0,1.667,0.8,2.467,0.865,,
Nolan Schanuel,694384,Los Angeles Angels,10.0,0.375,3.0,1.0,1.0,3.0,2.0,0.75,0.5,1.25,0.523,,
Oswald Peraza,672724,Los Angeles Angels,8.0,0.143,1.0,0.0,1.0,4.0,1.0,0.143,0.25,0.393,0.202,,
Yoán Moncada,660162,Los Angeles Angels,10.0,0.143,1.0,0.0,0.0,2.0,3.0,0.143,0.4,0.543,0.305,,
Zach Neto,687263,Los Angeles Angels,10.0,0.2,2.0,1.0,1.0,2.0,0.0,0.6,0.2,0.8,0.325,,
Alek Thomas,677950,Arizona Diamondbacks,7.0,0.333,2.0,0.0,3.0,2.0,1.0,0.667,0.429,1.096,0.462,,
Carlos Santana,467793,Arizona Diamondbacks,7.0,0.167,1.0,0.0,0.0,2.0,1.0,0.333,0.286,0.619,0.282,,
Corbin Carroll,682998,Arizona Diamondbacks,8.0,0.125,1.0,0.0,0.0,2.0,0.0,0.125,0.125,0.25,0.113,,
Gabriel Moreno,672515,Arizona Diamondbacks,8.0,0.25,2.0,0.0,0.0,1.0,0.0,0.25,0.25,0.5,0.225,,
Geraldo Perdomo,672695,Arizona Diamondbacks,8.0,0.375,3.0,1.0,2.0,2.0,0.0,0.875,0.375,1.25,0.519,,
Jordan Lawlar,691783,Arizona Diamondbacks,7.0,0.143,1.0,0.0,0.0,3.0,0.0,0.286,0.143,0.429,0.18,,
Ketel Marte,606466,Arizona Diamondbacks,9.0,0.222,2.0,1.0,1.0,2.0,0.0,0.556,0.222,0.778,0.321,,
Nolan Arenado,571448,Arizona Diamondbacks,7.0,0.143,1.0,0.0,0.0,5.0,0.0,0.143,0.143,0.286,0.129,,
Pavin Smith,656976,Arizona Diamondbacks,4.0,0.0,0.0,0.0,0.0,0.0,2.0,0.0,0.5,0.5,0.358,,
Tim Tawa,694374,Arizona Diamondbacks,3.0,0.333,1.0,0.0,0.0,1.0,0.0,0.333,0.333,0.666,0.3,,
Adley Rutschman,668939,Baltimore Orioles,4.0,0.5,2.0,0.0,0.0,0.0,0.0,0.75,0.5,1.25,0.54,,
Blaze Alexander,677942,Baltimore Orioles,3.0,0.333,1.0,0.0,1.0,1.0,0.0,0.333,0.333,0.666,0.3,,
Coby Mayo,691723,Baltimore Orioles,3.0,0.0,0.0,0.0,0.0,1.0,1.0,0.0,0.333,0.333,0.239,,
Colton Cowser,681297,Baltimore Orioles,3.0,0.0,0.0,0.0,1.0,1.0,0.0,0.0,0.0,0.0,0.0,,
Gunnar Henderson,683002,Baltimore Orioles,4.0,0.0,0.0,0.0,0.0,2.0,0.0,0.0,0.0,0.0,0.0,,
Pete Alonso,624413,Baltimore Orioles,4.0,0.0,0.0,0.0,0.0,2.0,1.0,0.0,0.25,0.25,0.179,,
Samuel Basallo,694212,Baltimore Orioles,4.0,0.25,1.0,0.0,0.0,1.0,0.0,0.25,0.25,0.5,0.225,,
Taylor Ward,621493,Baltimore Orioles,4.0,0.0,0.0,0.0,0.0,0.0,0.0,0.0,0.0,0.0,0.0,,
Tyler O'Neill,641933,Baltimore Orioles,3.0,0.5,1.0,0.0,0.0,0.0,1.0,0.5,0.667,1.167,0.539,,
Caleb Durbin,702332,Boston Red Sox,4.0,0.0,0.0,0.0,0.0,0.0,1.0,0.0,0.25,0.25,0.179,,
Carlos Narváez,665966,Boston Red Sox,4.0,0.333,1.0,0.0,0.0,1.0,0.0,0.333,0.333,0.666,0.3,,
Ceddanne Rafaela,678882,Boston Red Sox,4.0,0.5,2.0,0.0,1.0,0.0,0.0,0.5,0.5,1.0,0.45,,
Isiah Kiner-Falefa,643396,Boston Red Sox,2.0,0.0,0.0,0.0,0.0,1.0,0.0,0.0,0.0,0.0,0.0,,
Jarren Duran,680776,Boston Red Sox,5.0,0.4,2.0,0.0,1.0,1.0,0.0,0.4,0.4,0.8,0.36,,
Marcelo Mayer,691785,Boston Red Sox,2.0,1.0,2.0,0.0,0.0,0.0,0.0,1.5,1.0,2.5,1.079,,
Roman Anthony,701350,Boston Red Sox,5.0,0.75,3.0,0.0,0.0,1.0,1.0,0.75,0.8,1.55,0.684,,
Trevor Story,596115,Boston Red Sox,5.0,0.2,1.0,0.0,1.0,1.0,0.0,0.2,0.2,0.4,0.18,,
Willson Contreras,575929,Boston Red Sox,5.0,0.0,0.0,0.0,0.0,1.0,1.0,0.0,0.2,0.2,0.143,,
Wilyer Abreu,677800,Boston Red Sox,4.0,0.25,1.0,0.0,0.0,1.0,0.0,0.25,0.25,0.5,0.225,,
Alex Bregman,608324,Chicago Cubs,5.0,0.25,1.0,0.0,0.0,1.0,1.0,0.25,0.4,0.65,0.323,,
Carson Kelly,608348,Chicago Cubs,4.0,0.333,1.0,0.0,0.0,0.0,1.0,0.333,0.5,0.833,0.404,,
Dansby Swanson,621020,Chicago Cubs,4.0,0.0,0.0,0.0,1.0,0.0,2.0,0.0,0.5,0.5,0.358,,
Ian Happ,664023,Chicago Cubs,5.0,0.2,1.0,0.0,0.0,3.0,0.0,0.2,0.2,0.4,0.18,,
Matt Shaw,807713,Chicago Cubs,3.0,0.0,0.0,0.0,0.0,0.0,0.0,0.0,0.0,0.0,0.0,,
Michael Busch,683737,Chicago Cubs,5.0,0.75,3.0,0.0,1.0,0.0,1.0,1.25,0.8,2.05,0.826,,
Michael Conforto,624424,Chicago Cubs,1.0,0.0,0.0,0.0,0.0,1.0,0.0,0.0,0.0,0.0,0.0,,
Moisés Ballesteros,694208,Chicago Cubs,4.0,0.0,0.0,0.0,0.0,1.0,1.0,0.0,0.25,0.25,0.179,,
Nico Hoerner,663538,Chicago Cubs,4.0,0.0,0.0,0.0,0.0,1.0,0.0,0.0,0.0,0.0,0.0,,
Pete Crow-Armstrong,691718,Chicago Cubs,5.0,0.4,2.0,0.0,2.0,2.0,0.0,0.4,0.4,0.8,0.36,,
Dane Myers,667472,Cincinnati Reds,1.0,0.0,0.0,0.0,0.0,0.0,0.0,0.0,0.0,0.0,0.0,,
Elly De La Cruz,682829,Cincinnati Reds,4.0,0.25,1.0,0.0,0.0,2.0,0.0,0.25,0.25,0.5,,,
Eugenio Suárez,553993,Cincinnati Reds,4.0,0.0,0.0,0.0,0.0,3.0,0.0,0.0,0.0,0.0,0.0,,
Ke'Bryan Hayes,663647,Cincinnati Reds,3.0,0.0,0.0,0.0,0.0,0.0,0.0,0.0,0.0,0.0,0.0,,
Matt McLain,680574,Cincinnati Reds,4.0,0.0,0.0,0.0,0.0,1.0,1.0,0.0,0.25,0.25,0.179,,
Noelvi Marte,682622,Cincinnati Reds,2.0,0.0,0.0,0.0,0.0,2.0,0.0,0.0,0.0,0.0,0.0,,
Sal Stewart,701398,Cincinnati Reds,4.0,0.75,3.0,0.0,0.0,0.0,0.0,1.25,0.75,2.0,0.854,,
Spencer Steer,668715,Cincinnati Reds,4.0,0.0,0.0,0.0,0.0,2.0,1.0,0.0,0.25,0.25,0.179,,
TJ Friedl,670770,Cincinnati Reds,4.0,0.0,0.0,0.0,0.0,1.0,0.0,0.0,0.0,0.0,0.0,,
Tyler Stephenson,663886,Cincinnati Reds,4.0,0.0,0.0,0.0,0.0,0.0,1.0,0.0,0.25,0.25,0.179,,
Will Benson,666181,Cincinnati Reds,1.0,0.0,0.0,0.0,0.0,1.0,0.0,0.0,0.0,0.0,0.0,,
Angel Martínez,682657,Cleveland Guardians,2.0,0.0,0.0,0.0,0.0,1.0,0.0,0.0,0.0,0.0,0.0,,
Bo Naylor,666310,Cleveland Guardians,9.0,0.125,1.0,0.0,0.0,1.0,1.0,0.125,0.222,0.347,0.18,,
Brayan Rocchio,677587,Cleveland Guardians,7.0,0.4,2.0,0.0,2.0,1.0,0.0,0.6,0.571,1.171,0.522,,
CJ Kayfus,692216,Cleveland Guardians,4.0,0.0,0.0,0.0,0.0,0.0,1.0,0.0,0.25,0.25,0.179,,
Chase DeLauter,800050,Cleveland Guardians,9.0,0.444,4.0,3.0,3.0,2.0,0.0,1.444,0.444,1.888,0.764,,
Daniel Schneemann,682177,Cleveland Guardians,2.0,0.5,1.0,0.0,0.0,1.0,0.0,1.0,0.5,1.5,0.629,,
Gabriel Arias,672356,Cleveland Guardians,7.0,0.143,1.0,0.0,0.0,3.0,0.0,0.143,0.143,0.286,0.129,,
José Ramírez,608070,Cleveland Guardians,9.0,0.111,1.0,0.0,2.0,2.0,0.0,0.222,0.111,0.333,0.14,,
Kyle Manzardo,700932,Cleveland Guardians,9.0,0.125,1.0,0.0,0.0,5.0,1.0,0.125,0.222,0.347,0.18,,
Rhys Hoskins,656555,Cleveland Guardians,8.0,0.5,3.0,0.0,0.0,2.0,2.0,0.667,0.625,1.292,0.561,,
Steven Kwan,680757,Cleveland Guardians,9.0,0.222,2.0,0.0,0.0,2.0,0.0,0.222,0.222,0.444,0.2,,
Braxton Fulford,690924,Colorado Rockies,1.0,0.0,0.0,0.0,0.0,1.0,0.0,0.0,0.0,0.0,0.0,,
Brenton Doyle,686668,Colorado Rockies,4.0,0.0,0.0,0.0,0.0,2.0,0.0,0.0,0.0,0.0,0.0,,
Brett Sullivan,664954,Colorado Rockies,0.0,0.0,0.0,0.0,0.0,0.0,0.0,0.0,0.0,0.0,,,
Edouard Julien,666397,Colorado Rockies,2.0,0.0,0.0,0.0,0.0,1.0,0.0,0.0,0.0,0.0,0.0,,
Ezequiel Tovar,678662,Colorado Rockies,4.0,0.25,1.0,0.0,0.0,1.0,0.0,0.25,0.25,0.5,0.225,,
Hunter Goodman,696100,Colorado Rockies,4.0,0.5,2.0,0.0,0.0,0.0,0.0,0.5,0.5,1.0,0.45,,
Jake McCarthy,664983,Colorado Rockies,3.0,0.333,1.0,0.0,0.0,1.0,0.0,0.333,0.333,0.666,0.3,,
Jordan Beck,687597,Colorado Rockies,4.0,0.333,1.0,0.0,1.0,0.0,1.0,0.333,0.5,0.833,0.404,,
Kyle Karros,691720,Colorado Rockies,3.0,0.333,1.0,0.0,0.0,0.0,0.0,0.333,0.333,0.666,0.3,,
Ryan Ritter,690022,Colorado Rockies,1.0,0.0,0.0,0.0,0.0,1.0,0.0,0.0,0.0,0.0,0.0,,
TJ Rumfield,681198,Colorado Rockies,4.0,0.333,1.0,0.0,0.0,0.0,1.0,0.333,0.5,0.833,0.404,,
Willi Castro,650489,Colorado Rockies,4.0,0.0,0.0,0.0,0.0,2.0,0.0,0.0,0.0,0.0,0.0,,
Colt Keith,690993,Detroit Tigers,7.0,0.333,2.0,0.0,0.0,1.0,1.0,0.333,0.429,0.762,0.36,,
Dillon Dingler,693307,Detroit Tigers,9.0,0.375,3.0,1.0,4.0,2.0,0.0,0.75,0.444,1.194,0.504,,
Gleyber Torres,650402,Detroit Tigers,10.0,0.333,2.0,0.0,0.0,1.0,4.0,0.333,0.6,0.933,0.467,,
Jahmai Jones,663330,Detroit Tigers,1.0,0.0,0.0,0.0,0.0,0.0,0.0,0.0,0.0,0.0,0.0,,
Javier Báez,595879,Detroit Tigers,8.0,0.143,1.0,0.0,0.0,2.0,1.0,0.143,0.25,0.393,0.202,,
Kerry Carpenter,681481,Detroit Tigers,10.0,0.0,0.0,0.0,0.0,5.0,2.0,0.0,0.2,0.2,0.143,,
Kevin McGonigle,805808,Detroit Tigers,9.0,0.625,5.0,0.0,4.0,0.0,1.0,0.875,0.667,1.542,0.659,,
Matt Vierling,663837,Detroit Tigers,2.0,0.0,0.0,0.0,0.0,0.0,0.0,0.0,0.0,0.0,0.0,,
Parker Meadows,678009,Detroit Tigers,6.0,0.2,1.0,0.0,2.0,2.0,1.0,0.2,0.333,0.533,0.27,,
Riley Greene,682985,Detroit Tigers,10.0,0.111,1.0,0.0,1.0,2.0,1.0,0.111,0.2,0.311,0.162,,
Spencer Torkelson,679529,Detroit Tigers,9.0,0.25,2.0,0.0,2.0,4.0,1.0,0.25,0.333,0.583,0.28,,
Zach McKinstry,656716,Detroit Tigers,2.0,0.5,1.0,0.0,0.0,0.0,0.0,0.5,0.5,1.0,0.45,,
Brice Matthews,694728,Houston Astros,3.0,0.333,1.0,0.0,0.0,2.0,0.0,0.667,0.333,1.0,0.419,,
Cam Smith,701358,Houston Astros,8.0,0.0,0.0,0.0,0.0,4.0,1.0,0.0,0.125,0.125,0.09,,
Carlos Correa,621043,Houston Astros,8.0,0.286,2.0,0.0,0.0,1.0,1.0,0.286,0.375,0.661,0.315,,
Christian Walker,572233,Houston Astros,7.0,0.167,1.0,0.0,0.0,0.0,1.0,0.333,0.286,0.619,0.282,,
Isaac Paredes,670623,Houston Astros,8.0,0.0,0.0,0.0,0.0,3.0,1.0,0.0,0.125,0.125,0.09,,
Jake Meyers,676694,Houston Astros,4.0,0.0,0.0,0.0,0.0,1.0,1.0,0.0,0.25,0.25,0.179,,
Jeremy Peña,665161,Houston Astros,5.0,0.4,2.0,0.0,0.0,0.0,0.0,0.4,0.4,0.8,0.36,,
Joey Loperfido,694388,Houston Astros,5.0,0.4,2.0,0.0,0.0,1.0,0.0,0.6,0.4,1.0,0.432,,
Jose Altuve,514888,Houston Astros,8.0,0.167,1.0,0.0,0.0,1.0,2.0,0.167,0.375,0.542,0.292,,
Nick Allen,669397,Houston Astros,1.0,0.0,0.0,0.0,0.0,1.0,0.0,0.0,0.0,0.0,0.0,,
Yainer Diaz,673237,Houston Astros,8.0,0.143,1.0,0.0,0.0,3.0,1.0,0.143,0.25,0.393,0.202,,
Yordan Alvarez,670541,Houston Astros,9.0,0.125,1.0,1.0,1.0,2.0,1.0,0.5,0.222,0.722,0.249,,
Bobby Witt Jr.,677951,Kansas City Royals,4.0,0.5,2.0,0.0,0.0,1.0,0.0,0.5,0.5,1.0,,,
Carter Jensen,695600,Kansas City Royals,3.0,0.0,0.0,0.0,0.0,1.0,0.0,0.0,0.0,0.0,0.0,,
Isaac Collins,686555,Kansas City Royals,3.0,0.0,0.0,0.0,0.0,0.0,0.0,0.0,0.0,0.0,0.0,,
Jac Caglianone,695506,Kansas City Royals,1.0,0.0,0.0,0.0,0.0,1.0,0.0,0.0,0.0,0.0,0.0,,
Jonathan India,663697,Kansas City Royals,4.0,0.0,0.0,0.0,0.0,1.0,1.0,0.0,0.25,0.25,0.179,,
Lane Thomas,657041,Kansas City Royals,4.0,0.333,1.0,0.0,0.0,2.0,1.0,0.333,0.5,0.833,0.404,,
Maikel Garcia,672580,Kansas City Royals,4.0,0.333,1.0,0.0,0.0,1.0,1.0,0.333,0.5,0.833,0.404,,
Salvador Perez,521692,Kansas City Royals,4.0,0.25,1.0,0.0,0.0,0.0,0.0,0.25,0.25,0.5,0.225,,
Starling Marte,516782,Kansas City Royals,3.0,0.0,0.0,0.0,0.0,1.0,0.0,0.0,0.0,0.0,0.0,,
Vinnie Pasquantino,686469,Kansas City Royals,4.0,0.0,0.0,0.0,0.0,0.0,0.0,0.0,0.25,0.25,0.187,,
Alex Freeland,690976,Los Angeles Dodgers,3.0,0.667,2.0,1.0,1.0,0.0,0.0,2.0,0.667,2.667,1.083,,
Andy Pages,681624,Los Angeles Dodgers,7.0,0.286,2.0,1.0,3.0,1.0,0.0,0.714,0.286,1.0,0.413,,
Freddie Freeman,518692,Los Angeles Dodgers,9.0,0.0,0.0,0.0,0.0,0.0,1.0,0.0,0.111,0.111,0.08,,
Kyle Tucker,663656,Los Angeles Dodgers,9.0,0.286,2.0,0.0,2.0,2.0,2.0,0.429,0.444,0.873,0.399,,
Max Muncy,571970,Los Angeles Dodgers,7.0,0.25,1.0,0.0,0.0,2.0,3.0,0.25,0.571,0.821,0.436,,
Miguel Rojas,500743,Los Angeles Dodgers,4.0,0.25,1.0,0.0,0.0,1.0,0.0,0.25,0.25,0.5,0.225,,
Mookie Betts,605141,Los Angeles Dodgers,9.0,0.25,2.0,1.0,4.0,1.0,0.0,0.625,0.333,0.958,0.404,,
Shohei Ohtani,660271,Los Angeles Dodgers,9.0,0.167,1.0,0.0,0.0,1.0,2.0,0.167,0.444,0.611,0.342,,
Teoscar Hernández,606192,Los Angeles Dodgers,7.0,0.143,1.0,0.0,0.0,1.0,0.0,0.143,0.143,0.286,0.129,,
Will Smith,669257,Los Angeles Dodgers,7.0,0.286,2.0,1.0,3.0,0.0,0.0,0.714,0.286,1.0,0.413,,
Andrés Chaparro,665953,Washington Nationals,3.0,0.667,2.0,0.0,0.0,0.0,0.0,1.0,0.667,1.667,0.719,,
Brady House,691781,Washington Nationals,5.0,0.4,2.0,1.0,2.0,2.0,0.0,1.0,0.4,1.4,0.578,,
CJ Abrams,682928,Washington Nationals,4.0,0.25,1.0,0.0,2.0,1.0,0.0,0.25,0.25,0.5,0.225,,
Daylen Lile,695734,Washington Nationals,5.0,0.2,1.0,0.0,1.0,2.0,0.0,0.2,0.2,0.4,0.18,,
Jacob Young,696285,Washington Nationals,4.0,0.25,1.0,1.0,2.0,1.0,0.0,1.0,0.25,1.25,0.498,,
James Wood,695578,Washington Nationals,5.0,0.0,0.0,0.0,0.0,4.0,0.0,0.0,0.0,0.0,0.0,,
Joey Wiemer,686894,Washington Nationals,4.0,1.0,3.0,1.0,1.0,0.0,1.0,2.0,1.0,3.0,1.127,,
Keibert Ruiz,660688,Washington Nationals,4.0,0.25,1.0,0.0,0.0,1.0,0.0,0.25,0.25,0.5,0.225,,
Luis García Jr.,671277,Washington Nationals,2.0,0.0,0.0,0.0,0.0,0.0,0.0,0.0,0.0,0.0,,,
Nasim Nuñez,683083,Washington Nationals,4.0,0.0,0.0,0.0,1.0,1.0,1.0,0.0,0.5,0.5,0.366,,
Bo Bichette,666182,New York Mets,5.0,0.0,0.0,0.0,1.0,3.0,0.0,0.0,0.0,0.0,0.0,,
Brett Baty,683146,New York Mets,5.0,0.2,1.0,0.0,3.0,2.0,0.0,0.6,0.2,0.8,0.316,,
Carson Benge,701807,New York Mets,5.0,0.333,1.0,1.0,1.0,2.0,2.0,1.333,0.6,1.933,0.685,,
Francisco Alvarez,682626,New York Mets,5.0,0.5,2.0,1.0,1.0,0.0,0.0,1.25,0.6,1.85,0.728,,
Francisco Lindor,596019,New York Mets,5.0,0.0,0.0,0.0,0.0,0.0,3.0,0.0,0.6,0.6,0.43,,
Jorge Polanco,593871,New York Mets,5.0,0.333,1.0,0.0,1.0,1.0,2.0,0.333,0.6,0.933,0.467,,
Juan Soto,665742,New York Mets,5.0,0.5,2.0,0.0,1.0,0.0,1.0,0.5,0.6,1.1,0.504,,
Luis Robert Jr.,673357,New York Mets,5.0,0.5,2.0,0.0,2.0,1.0,1.0,0.5,0.6,1.1,,,
Marcus Semien,543760,New York Mets,5.0,0.4,2.0,0.0,1.0,1.0,0.0,0.6,0.4,1.0,0.432,,
